model,parameters,valid_recall@10,valid_mrr@10,valid_ndcg@10,valid_hit@10,valid_precision@10
BPR,"{'embedding_size': 32, 'learning_rate': 0.0005}",0.2039,0.3745,0.2249,0.7306,0.1592
BPR,"{'embedding_size': 32, 'learning_rate': 0.001}",0.2093,0.3756,0.2283,0.7423,0.1612
BPR,"{'embedding_size': 32, 'learning_rate': 0.005}",0.1979,0.3648,0.2162,0.7126,0.1507
BPR,"{'embedding_size': 64, 'learning_rate': 0.0005}",0.2005,0.3853,0.226,0.7211,0.1546
BPR,"{'embedding_size': 64, 'learning_rate': 0.001}",0.2085,0.3893,0.2302,0.7402,0.1583
BPR,"{'embedding_size': 64, 'learning_rate': 0.005}",0.2027,0.375,0.2233,0.737,0.1552
BPR,"{'embedding_size': 128, 'learning_rate': 0.0005}",0.2203,0.3923,0.2382,0.7593,0.1655
BPR,"{'embedding_size': 128, 'learning_rate': 0.001}",0.2193,0.4018,0.2387,0.7625,0.1589
BPR,"{'embedding_size': 128, 'learning_rate': 0.005}",0.1985,0.3665,0.216,0.72,0.1487
ItemKNN,{'k': 20},0.1884,0.3553,0.2063,0.7041,0.1471
ItemKNN,{'k': 50},0.1992,0.368,0.2163,0.7296,0.1531
ItemKNN,{'k': 100},0.2058,0.3779,0.2213,0.7328,0.1554
ItemKNN,{'k': 200},0.2073,0.3706,0.223,0.7328,0.155
UserKNN,{'k': 20},0.1884,0.3553,0.2063,0.7041,0.1471
UserKNN,{'k': 50},0.1992,0.368,0.2163,0.7296,0.1531
UserKNN,{'k': 100},0.2058,0.3779,0.2213,0.7328,0.1554
UserKNN,{'k': 200},0.2073,0.3706,0.223,0.7328,0.155
FISM,"{'embedding_size': 32, 'learning_rate': 0.0005, 'reg_weights': [0.001, 0.001]}",0.1571,0.287,0.1656,0.6278,0.1146
FISM,"{'embedding_size': 32, 'learning_rate': 0.0005, 'reg_weights': [0.01, 0.01]}",0.1118,0.2292,0.1213,0.5376,0.0906
FISM,"{'embedding_size': 32, 'learning_rate': 0.0005, 'reg_weights': [0.1, 0.1]}",0.1118,0.2292,0.1213,0.5376,0.0906
FISM,"{'embedding_size': 32, 'learning_rate': 0.001, 'reg_weights': [0.001, 0.001]}",0.1974,0.3527,0.2116,0.7073,0.145
FISM,"{'embedding_size': 32, 'learning_rate': 0.001, 'reg_weights': [0.01, 0.01]}",0.1105,0.2305,0.1208,0.5355,0.0912
